分類,子分類,項目,來自公司報告,單位,年份,數值
E,溫室氣體排放,範疇一直接排放,true,公噸CO2e,2018,無揭露
E,溫室氣體排放,範疇二間接排放,true,公噸CO2e,2018,無揭露
E,溫室氣體排放,範疇三其他排放,true,公噸CO2e,2018,無揭露
E,溫室氣體排放,範疇一直接排放,true,公噸CO2e,2019,133.27
E,溫室氣體排放,範疇二間接排放,true,公噸CO2e,2019,441.49
E,溫室氣體排放,範疇三其他排放,true,公噸CO2e,2019,無揭露
E,溫室氣體排放,直接＋間接排放,true,公噸CO2e,2019,574.76
E,溫室氣體排放,範疇一直接排放,true,公噸CO2e,2020,117.11
E,溫室氣體排放,範疇二間接排放,true,公噸CO2e,2020,415.53
E,溫室氣體排放,範疇三其他排放,true,公噸CO2e,2020,無揭露
E,溫室氣體排放,直接＋間接排放,true,公噸CO2e,2020,532.64
E,能源使用狀況,總用電量,true,NA,2018,NA
E,能源使用狀況,再生能源設置量,true,NA,2018,NA
E,能源使用狀況,再生能源發電量,true,NA,2018,NA
E,能源使用狀況,總用電量,true,NA,2019,NA
E,能源使用狀況,再生能源設置量,true,NA,2019,NA
E,能源使用狀況,再生能源發電量,true,NA,2019,NA
E,能源使用狀況,總用電量,true,NA,2020,NA
E,能源使用狀況,再生能源設置量,true,NA,2020,NA
E,能源使用狀況,再生能源發電量,true,NA,2020,NA
E,溫室氣體排放,溫室氣體排放及減量資訊,,,2021,本公司111年度溫室氣體排放量減量目標訂定為母公司高科廠單位產品溫室氣體排放總當量減少0.5%。
E,水資源,總取水量,true,,2018,無揭露
E,水資源,回收水量,true,,2018,無揭露
E,水資源,耗用水量,true,,2018,無揭露
E,水資源,排放水量,true,噸,2018,1146
E,水資源,總取水量,true,,2019,無揭露
E,水資源,回收水量,true,,2019,無揭露
E,水資源,耗用水量,true,,2019,無揭露
E,水資源,排放水量,true,噸,2019,365.9
E,水資源,總取水量,true,,2020,無揭露
E,水資源,回收水量,true,,2020,無揭露
E,水資源,耗用水量,true,,2020,無揭露
E,水資源,排放水量,true,噸,2020,386.96
E,廢棄物管理,一般事業廢棄物,true,噸,2018,13.6
E,廢棄物管理,有害事業廢棄物,true,無揭露,2018,無揭露
E,廢棄物管理,資源化再利用,true,無揭露,2018,無揭露
E,廢棄物管理,一般事業廢棄物,true,噸,2019,21.9
E,廢棄物管理,有害事業廢棄物,true,無揭露,2019,無揭露
E,廢棄物管理,資源化再利用,true,無揭露,2019,無揭露
E,廢棄物管理,一般事業廢棄物,true,噸,2020,46.4
E,廢棄物管理,有害事業廢棄物,true,無揭露,2020,無揭露
E,廢棄物管理,資源化再利用,true,無揭露,2020,無揭露
E,空氣污染物申報-一般空氣污染物,氮氧化物,,,2009,0.8180000000000001
E,空氣污染物申報-一般空氣污染物,硫氧化物,,,2009,1.1780000000000002
E,空氣污染物申報-一般空氣污染物,揮發性有機化合物,,,2009,31.208
E,空氣污染物申報-一般空氣污染物,氮氧化物,,,2010,0.711
E,空氣污染物申報-一般空氣污染物,硫氧化物,,,2010,1.026
E,空氣污染物申報-一般空氣污染物,揮發性有機化合物,,,2010,19.593
E,空氣污染物申報-一般空氣污染物,氮氧化物,,,2011,0.645
E,空氣污染物申報-一般空氣污染物,硫氧化物,,,2011,0.931
E,空氣污染物申報-一般空氣污染物,揮發性有機化合物,,,2011,22.357
E,空氣污染物申報-一般空氣污染物,氮氧化物,,,2012,0.83
E,空氣污染物申報-一般空氣污染物,硫氧化物,,,2012,1.197
E,空氣污染物申報-一般空氣污染物,揮發性有機化合物,,,2012,33.152
E,空氣污染物申報-一般空氣污染物,氮氧化物,,,2013,0.948
E,空氣污染物申報-一般空氣污染物,硫氧化物,,,2013,1.368
E,空氣污染物申報-一般空氣污染物,揮發性有機化合物,,,2013,25.504
E,空氣污染物申報-一般空氣污染物,氮氧化物,,,2014,0.614
E,空氣污染物申報-一般空氣污染物,硫氧化物,,,2014,0.8850000000000001
E,空氣污染物申報-一般空氣污染物,揮發性有機化合物,,,2014,20.958
E,空氣污染物申報-一般空氣污染物,氮氧化物,,,2015,0.362
E,空氣污染物申報-一般空氣污染物,硫氧化物,,,2015,0.361
E,空氣污染物申報-一般空氣污染物,揮發性有機化合物,,,2015,17.32
E,空氣污染物申報-一般空氣污染物,氮氧化物,,,2016,0.213
E,空氣污染物申報-一般空氣污染物,揮發性有機化合物,,,2016,20.238
E,空氣污染物申報-一般空氣污染物,氮氧化物,,,2017,0.20099999999999998
E,空氣污染物申報-一般空氣污染物,揮發性有機化合物,,,2017,17.291999999999998
E,空氣污染物申報-一般空氣污染物,氮氧化物,,,2018,0.040999999999999995
E,空氣污染物申報-一般空氣污染物,揮發性有機化合物,,,2018,6.15
E,空氣污染物申報-一般空氣污染物,氮氧化物,,,2019,0.22200000000000003
E,空氣污染物申報-一般空氣污染物,粒狀污染物,,,2019,0.011000000000000001
E,空氣污染物申報-一般空氣污染物,揮發性有機化合物,,,2019,23.116999999999994
E,空氣污染物申報-一般空氣污染物,氮氧化物,,,2020,0.23199999999999996
E,空氣污染物申報-一般空氣污染物,粒狀污染物,,,2020,0.019000000000000003
E,空氣污染物申報-一般空氣污染物,揮發性有機化合物,,,2020,26.735000000000003
E,空氣污染物申報-一般空氣污染物,氮氧化物,,,2021,0.061
E,空氣污染物申報-一般空氣污染物,粒狀污染物,,,2021,0.004
E,空氣污染物申報-一般空氣污染物,揮發性有機化合物,,,2021,4.096
E,環境違規,違反環境法規金額-misc,,元,2017,200000
E,環境違規,違反環境法規次數-misc,,次,2017,2
E,環境違規,違反環境法規金額-空氣,,元,2017,0
E,環境違規,違反環境法規次數-空氣,,次,2017,0
E,環境違規,違反環境法規金額-水,,元,2017,0
E,環境違規,違反環境法規次數-水,,次,2017,0
S,員工組成,正式員工,true,人,2018,68
S,員工組成,性別比,true,人,2018,1.4285714285714286
S,員工組成,新進率,true,人,2018,0.1323529411764706
S,員工組成,離職率,true,人,2018,0.14705882352941177
S,員工組成,是否聘用移工,true,人,2018,NA
S,員工組成,是否聘用身障人士,true,人,2018,無揭露
S,員工組成,是否聘用原住民,true,人,2018,NA
S,員工組成,正式員工,true,人,2019,68
S,員工組成,性別比,true,人,2019,1.5185185185185186
S,員工組成,是否聘用移工,true,人,2019,NA
S,員工組成,是否聘用身障人士,true,人,2019,無揭露
S,員工組成,是否聘用原住民,true,人,2019,NA
S,員工組成,正式員工,true,人,2020,69
S,員工組成,性別比,true,人,2020,1.3793103448275863
S,員工組成,是否聘用移工,true,人,2020,NA
S,員工組成,是否聘用身障人士,true,人,2020,無揭露
S,員工組成,是否聘用原住民,true,人,2020,NA
S,員工薪資,平均薪資,,仟元,2020,751
S,員工薪資,薪資中位數,,仟元,2020,683
S,員工薪資,平均薪資,,仟元,2019,771
S,員工薪資,薪資中位數,,仟元,2019,683
S,員工薪資,平均薪資,,仟元,2018,766
S,職業健康,職災事故,true,,2018,0
S,職業健康,工安意外,true,,2018,NA
S,職業健康,職災事故,true,,2019,0
S,職業健康,工安意外,true,,2019,NA
S,職業健康,職災事故,true,,2020,未揭露
S,職業健康,工安意外,true,,2020,未揭露
G,資本額,資本額,,元,2020,314150000
G,資本額,資本額,,元,2019,314150000
G,是否產製CSR報告,是否編撰報告書,true,,2018,有
G,是否產製CSR報告,是否編撰報告書,true,,2019,有
G,是否產製CSR報告,是否編撰報告書,true,,2020,有
G,稅務透明度,營利事業所得稅稅額,true,元,2018,無揭露
G,稅務透明度,政府補助、補貼金額,true,元,2018,無揭露
G,稅務透明度,研發投入費用,true,元,2018,無揭露
G,稅務透明度,營利事業所得稅稅額,true,元,2019,11142000
G,稅務透明度,政府補助、補貼金額,true,元,2019,無揭露
G,稅務透明度,研發投入費用,true,元,2019,無揭露
G,稅務透明度,營利事業所得稅稅額,true,元,2020,14577000
G,稅務透明度,政府補助、補貼金額,true,元,2020,無揭露
G,稅務透明度,研發投入費用,true,元,2020,無揭露
G,ISO認證,ISO 9001,true,,2018,有
G,ISO認證,ISO 14001,true,,2018,NA
G,ISO認證,ISO 45001,true,,2018,NA
G,ISO認證,ISO 50001,true,,2018,NA
G,ISO認證,ISO 9001,true,,2019,有
G,ISO認證,ISO 14001,true,,2019,NA
G,ISO認證,ISO 45001,true,,2019,NA
G,ISO認證,ISO 50001,true,,2019,NA
G,ISO認證,ISO 9001,true,,2020,有
G,ISO認證,ISO 14001,true,,2020,NA
G,ISO認證,ISO 45001,true,,2020,NA
G,ISO認證,ISO 50001,true,,2020,NA
